,label,title,title2
282,0,componentes-del-lenguaje-sql-sql.md,Componentes del lenguaje SQL
324,0,sqrl-y-la-idea-de-eliminar-el-uso-de-usuario-y-contrasena-en-internet.md,SQRL y la idea de eliminar el uso de usuario y contraseña en internet
317,0,como-ordenar-imagenes-por-resolucion.md,Cómo ordenar imágenes por resolución
315,0,nueva-pagina-para-informar-de-error-404.md,Nueva página para informar de error 404 en el blog
313,0,guia-de-referencia-de-comandos.md,Guía de Referencia de comandos Unix/Linux [IMG]
312,0,videos-de-la-semana-vii.md,Vídeos de la semana (VII)
311,0,como-saber-si-tus-visitantes-usan-ad-block.md,Cómo saber si tus visitantes usan Ad-Block
308,0,por-que-la-autentificacion-de-2-factores-depende-de-la-experiencia-del-usuario.md,Por qué la autentificación de 2 factores depende de la experiencia del usuario
306,0,como-desarrollar-aplicaciones-en-un-servidor-cloud-2.md,Cómo desarrollar aplicaciones en un servidor Cloud
304,0,chuleta-de-comandos-para-gpg.md,Chuleta de comandos para GPG
295,0,guerra-de-navegadores-humor.md,Guerra de navegadores [Humor]
292,0,clases-y-objetos-arrays.md,Clases y Objetos. Arrays
288,0,como-evitar-que-se-aplique-ingenieria-inversa-a-un-ejecutable.md,Cómo evitar que se aplique ingeniería inversa a un ejecutable
286,0,imponiendo-gpl-usando-tecnicas-de-judo.md,Imponiendo GPL usando técnicas de Judo
285,0,statuscolor-dwm-6-1.md,Colorear la barra de estado con Simple StatusColor en DWM 6.1
284,0,nueva-gua-gratuita-java-concurrency-essentials.markdown,Nueva Guía Gratuita: Java Concurrency Essentials
328,0,como-crear-comandos-personalizados-en-emacs.markdown,Cómo Crear Comandos Personalizados en Emacs
329,0,como-compilar-todos-los-archivos-cpp-de-una-vez-usando-makefile.md,Cómo compilar todos los archivos CPP de una vez usando MakeFile
330,0,paperli-crea-tu-periodico-digital.md,Paper.li: Crea tu periódico digital automáticamente con lo más relevante de Twitter y Facebook
331,0,15-demostraciones-del-potencial-de.md,15 Demostraciones del potencial de HTML5
368,0,openlibra-biblioteca-libre-online.markdown,OpenLibra Cumple 5 Años Y Estrena Versión 2.0
363,0,nueva-guia-developer-report-top-social-media-and-html5-considerations-for-mobile-app-success.md,Nueva guía: Developer Report: Top Social Media and HTML5 Considerations for Mobile App Success
362,0,todos-los-lugares-donde-deberias-habilitar-autenticacion-de-dos-factores-ahora-mismo.md,Todos los lugares donde deberías habilitar la Autenticación de Dos Factores ahora mismo
360,0,el-mapa-mundial-de-gnulinux-img.md,El gran Mapa mundial de GNU/Linux
359,0,lo-ultimo-en-criptografia-fully-homomorphic-encryption.md,Lo último en criptografía: Fully Homomorphic Encryption
357,0,plsql-paquetes-packages.md,PL/SQL. Paquetes (Packages)
355,0,dig-chuleta-basica-de-comandos.md,Dig - Chuleta básica de comandos
563,0,se-busca-colaborador.md,Se busca colaborador
354,0,un-poco-de-circuitos-registros-y-generadores-de-secuencia.md,"Un poco de circuitos, regístros y generadores de secuencia"
349,0,cartel-del-google-io-extended-granada-organizado-por-el-gdg-granada.md,Cartel del Google I/O Extended Granada organizado por el GDG Granada
346,0,ifttt-disparar-tareas-mediante-eventos.md,Ifttt: Disparar tareas mediante eventos producidos en redes sociales
345,0,codificacion.md,Codificación
339,0,declaracion-variable-entre-funcion-llave.markdown,Declaración De Variables Entre El Nombre De La Función Y La Primera Llave en C
338,0,variables-php-depurar-print_r-var_dump.markdown,Cómo Mostrar Información De Variables PHP Depurando
335,0,videos-de-la-semana-time-lapses-y.md,Vídeos de la semana - Time-Lapses y cortos de animación
332,0,como-funciona-el-bitcoin-la-cripto-moneda.md,"Cómo funciona el Bitcoin, la cripto-moneda"
351,0,el-top-500-de-los-supercomputadores-mas.md,El top 500 de los supercomputadores más potentes del mundo
280,0,editar-y-crear-archivos-cifrados-con-gpg-en-vim.md,Editar y crear archivos cifrados con GPG en Vim
276,0,5-libros-de-no-ficcion-que-todo-geek-deberia-leer.md,21 Libros de No-Ficción que todo Geek debería leer
271,0,como-ejecutar-diff-a-la-salida-de-dos-comandos.markdown,Cómo Ejecutar Diff a La Salida De Dos Comandos
202,0,nueva-guia-4-key-recommendations-cloud-integration.md,Nueva guía: 4 Key Recommendations for Cloud Integration
199,0,nueva-guia-your-guide-to-google-analytics.md,Nueva Guía: Your Guide to Google Analytics
198,0,nueva-guia-bootstrap-programming-cookbook.markdown,Guía gratuita - Bootstrap Programming Cookbook
195,0,que-son-los-archivos-mkv-what-is-mkv.md,¿Que son los archivos mkv?
193,0,jugando-con-la-seccion-dtors-de-la-tabla-de-secciones-en-c.md,Jugando con las secciones .dtors y .ctors de la tabla de secciones en C
192,0,google-lanza-contributor-apoya-a-tus-webs-favoritas-sin-ver-anuncios.markdown,"Google Lanza Contributor, Apoya a Tus Webs Favoritas Sin Ver Anuncios"
188,0,clases-y-objetos-control-del-acceso-los.md,Clases y Objetos. Control del acceso a los miembros de la clase
208,0,mini-grep-en-c-busca-palabras-en-archivos.md,"Mini grep en C++, busca palabras en archivos"
187,0,nueva-guia-system-administration-and-security-salary-and-skills-report.markdown,Nueva Guía: System Administration & Security - Salary & Skills Report
178,0,algoritmos-de-caminos-cortos.md,Algoritmos de caminos cortos.
177,0,logrando-el-anonimato-con-tor-parte-1.md,Logrando el anonimato con Tor (Parte 1)
174,0,generar-codigo-css-3-facilmente.md,Generar código CSS 3 fácilmente
171,0,vinetas-geek-de-domingo-xiii.md,Viñetas Geek de Domingo (XIII)
170,0,diagramas-animados-de-numeros-factorizados.md,Diagramas animados de números factorizados en HTML5
166,0,como-crear-un-repositorio-ppa-how.md,Como crear un PPA (Personal Package Archive)
163,0,informacion-del-boicot-wikileaks.md,Recopilación de Información del Boicot a WikiLeaks
179,0,desafio-de-ingenieria-inversa-en-c.md,Desafío de ingeniería inversa en C
374,0,imagen-terminal-color-texto-a-juego-linux.markdown,"Cambia La Imágen De Fondo Del Terminal Gnome Y Pon Un Color De Texto a Juego, Automáticamente"
209,0,evaluando-el-estado-de-la-licencia-gpl.md,Evaluando el estado de la licencia GPL
213,0,tablet-vs-e-reader-cual-ganara.md,Tablet Vs e-Reader: ¿cuál ganará?
259,0,como-convertir-un-archivo-pdf-a-imagenes.md,Cómo convertir un archivo pdf a imágenes
252,0,sqrl-secure-quick-reliable-login-a-fondo.markdown,SQRL -Secure Quick Reliable Login a Fondo
249,0,how-to-remove-slotted-packages-in-gentoo.md,Cómo eliminar un paquete slotted en Gentoo
248,0,how-to-convert-column-to-vectorudt-densevector-spark.md,Cómo convertir una columna a VectorUDT/DenseVector en Spark
247,0,apache-maven-cookbook.markdown,Libro Gratuito: Apache Maven Cookbook
244,0,nvidia-prepara-tegra3-4-nucleos.md,"NVIDIA prepara Tegra3, 4 núcleos"
241,0,chistes-de-informaticos.md,Chistes de informaticos - www.desmotivaciones.es
212,0,la-generacion-github-por-que-ahora-todos-estamos-en-el-opensource.md,La generación GitHub: Por qué ahora todos estamos en el opensource
239,0,resources-blogs-podcast-youtube-channels-about-science.md,21 Podcasts / Canales de Youtube / Blogs sobre Ciencia
236,0,plsql-registros-y-tablas.md,PL/SQL. Registros y Tablas
235,0,mi-experiencia-en-el-3-hackathon-de-la.md,Mi experiencia en el 3er Hackathon de la Universidad de Granada
234,0,video-tutoriales-ataque-man-in-middle.md,[Vídeo tutoriales] Ataque Man in the middle
226,0,crear-imagenes-en-miniaturas.md,Crear miniaturas de imágenes
217,0,nueva-guia-computer-and-hacking-forensics-free-video-training-course.markdown,Nueva Guía: Computer and Hacking Forensics - FREE Video Training Course
216,0,plsql-excepciones.md,PL/SQL. Excepciones
215,0,logrando-el-anonimato-con-tor-parte-2-proxies-y-servidores-de-dns.md,Logrando el anonimato con Tor (Parte 2) : Proxies y servidores de DNS
238,0,practica-3-bomba-digital-desensambladores.md,Desafío de ingeniería inversa en C. Soluciones
162,0,que-es-quic-el-nuevo-protocolo-desarrollado-por-google.md,"Qué es QUIC, el nuevo protocolo desarrollado por Google"
375,0,nueva-guia-the-top-10-reports-for-managing-vulnerabilities.md,Nueva Guía: The Top 10 Reports for Managing Vulnerabilities
379,0,dejes-que-los-astronautas-de-arquitecturas-te-asusten.md,No dejes que los Astronautas de Arquitecturas te asusten
501,0,ejemplo-pdoo-ruby.md,Introducción rápida a Ruby
498,0,optanetm-3d-nand-tecnologa-3d-xpoint-intel-ssds.markdown,"Intel Anuncia Sus Nuevos Discos Duros, 1000 Veces Más Rápidos Que Los SSDs"
495,0,plsql-disparadores-o-triggers.md,PL/SQL. Disparadores o Triggers
493,0,todo-lo-que-necesitas-saber-sobre-copyright-y-licencias-en-2-minutos.md,Todo lo que necesitas saber sobre Copyright y licencias en 2 minutos
492,0,clases-y-objetos-punteros-objetos.md,Clases y Objetos. Punteros a objetos
491,0,how-to-change-portage-folders-to-other-location.markdown,Cómo Cambiar El Directorio De Portage a Otro Directorio en Gentoo
489,0,grub-customizer-20.md,"Grub Customizer 2.0, personaliza tu GRUB2"
486,0,10-things-you-must-do-with-a-brand-new-router.markdown,Ebook Gratuito: 10 Things You Must Do With a Brand New Router
484,0,bodhi-ubuntuenlightenment-perfecto-para.md,"Bodhi: Ubuntu+Enlightenment, perfecto para minimalistas"
483,0,write-to-file-scala.md,Cómo escribir a un fichero en Scala
482,0,impact-internet-things.markdown,Guía Gratuita - The Impact of Internet of Things (IoT) on Facilities Management
480,0,superordenador-de-barcelona-armandose-para-entrar-en-las-maquinas-mas-rapidas-del-mundo.md,Superordenador de Barcelona ARMándose para entrar en las máquinas más rápidas del mundo
478,0,introduccion-los-procesos.md,Introducción a los Procesos
471,0,se-puede-realmente-secuenciar-adn-con-un-dispositivo-usb.md,¿Se puede realmente secuenciar ADN con un dispositivo USB?
469,0,dominio-software-libre-no-oficial-42.md,Dominio software libre -no oficial- “.42″ disponible
505,0,discovering-vulnerable-web-applications.md,Nueva guía: Discovering Vulnerable Web Applications
508,0,regin-arquitectura-malware-de-primer-nivel-vigilancia-sigilosa.md,Regin - Arquitectura del Malware de primer nivel que permite una vigilancia sigilosa
510,0,comparacion-de-tecnicas-algoritmicas-basicas-con-el-problema-de-la-mochila.markdown,Comparación de técnicas algorítmicas básicas con el problema de  la Mochila
511,0,plsql-cursores.md,PL/SQL. Cursores
560,0,bash-syntax-highlighted-script.md,Script resaltado sintaxis bash
558,0,ejecutar-un-script-al-modificar-un-fichero-con-inotify.md,Ejecutar un script al modificar un fichero con inotify
555,0,introduccion-plsql.md,Introducción a PL/SQL
553,0,ejemplos-nftables.markdown,Introducción Y Ejemplos De NfTables
547,0,detectar-archivos-png-con-c.md,Detectar archivos PNG con C++
546,0,gana-dinero-ofreciendo-manuales-de.md,Gana dinero ofreciendo manuales de todas las áreas de conocimiento a tus lectores con RevResponse
544,0,los-desarrolladores-de-gnome-crean.md,Los desarrolladores de GNOME crean “Boxes” para la virtualización
468,0,expresiones-regulares-multilinea.markdown,Expresiones Regulares Multilínea
543,0,Compile-OpenCV-3.2-with-Java-IntelliJ-IDEA.md,Compilar OpenCV 3.2 para Java y usarlo en IntelliJ IDEA
539,0,cronica-5-hackathon-de-la-osl-en-granada.md,Crónica del 5° hackathon de la OSL en Granada
538,0,nueva-guia-gratuita-cybersecurity-dummies-ebook.md,Nueva guía gratuita: Cybersecurity for Dummies eBook
535,0,plsql-declaracion-de-variables.md,PL/SQL. Declaración de variables
526,0,probando-rockmelt.md,Probando RockMelt
519,0,how-the-cloud-will-change-application-release-applications.md,Nueva Guía: How the Cloud will Change Application Release Applications
518,0,que-significa-unknown-en-las-estadisticas-de-whos-amung.md,¿Qué significa &#8216;Unknown&#8217; en las estadísticas de Whos amung?
513,0,clases-y-objetos-funciones-inline.md,Clases y Objetos - Funciones inline
540,0,organiza-tu-lista-de-tareas-con.md,Organiza tu lista de Tareas con Remember the Milk
466,0,ocultar-archivos-y-otras-imagenes-dentro-de-una-imagen.md,Ocultar archivos dentro de una imagen
465,0,nunca-lo-hagas-humor.md,Nunca lo hagas! [Humor]
463,0,openlibra-la-biblioteca-libre-online.md,OpenLibra: La Biblioteca Libre Online tal como la esperabas
419,0,bash-syntax-highlighted-script-improved.md,Script resaltado sintaxis bash (Mejorado)
417,0,rss-feeds-para-cada-categora.markdown,Rss Feeds Para Cada Categoría
416,0,humanstxt-creator-somos-personas-no.md,"Humanstxt Creator. Somos personas, no máquinas"
413,0,como-mapear-json-a-objetos-java-con-jackson-objectmapper.md,Cómo mapear json a objetos Java con Jackson ObjectMapper
410,0,ocultarrevelar-informacion-dentro-de.md,Ocultar/Revelar información dentro de imágenes con C++
409,0,nueva-guia-voip-vulnerabilities.md,Nueva Guía: VoIP Vulnerabilities
408,0,nueva-guia-mac-os-x-lion-ultimate-guide.md,Nueva guía: Mac OS X Lion: The Ultimate Guide
424,0,plsql-procedimientos-y-funciones.md,PL/SQL. Procedimientos y Funciones
407,0,los-rss-del-blog-ahora-muestran-el-contenido-completo.markdown,Los RSS Del Blog Ahora Muestran El Contenido Completo
403,0,chuleta-atajos-teclado-emacs.markdown,Chuleta De Comandos / Atajos De Teclado / Paquetes más útiles para Emacs
401,0,chema-alonso-hablando-de-la-inseguridad.md,Chema Alonso hablando de la inseguridad de las vías telemáticas
394,0,como-tener-un-terminal-transparente-como-wallpaper-que-muestre-informacion.md,Cómo tener un terminal transparente como wallpaper que muestre información
391,0,futuro-ides-de-escritorio.md,5 Razones por las cuales en 5 años los IDEs de escritorio estarán muertos
389,0,bloques-plsql.md,Bloques PL/SQL
384,0,obtener-dimension-imagen-internet-url.markdown,Cómo Obtener La Dimensión De Una Imagen en Internet
383,0,odias-java-estas-peleando-una-batalla-equivocada.md,¿Odias Java? Estás peleando una batalla equivocada
405,0,nueva-guia-behind-the-mask-the-changing-face-of-hacking.markdown,"Nueva Guía: Behind the Mask, the Changing Face of Hacking"
377,0,suscritebe-al-feed-rss-unicamente-en-las-categorias-que-te-interesen.md,Suscríbete al feed RSS únicamente en las categorías que te interesen
425,0,cosas-que-me-gustan-y-odio-de-tener-un.md,Cosas que me gustan y odio de tener un smartphone [HUMOR]
429,0,como-funciona-http2-protocolo-que-acelera-considerablemente-la-navegacion-web.md,"Cómo funciona HTTP/2, protocolo que acelerá considerablemente la navegación  Web"
462,0,plsql-estructuras-basicas-de-control.md,PL/SQL. Estructuras básicas de control
460,0,bloquear-una-ip-atacanto-el-servidor-mediante-iptables.md,Bloquear una IP atacando el servidor mediante iptables
458,0,estadisticas-del-blog-en-2011.md,Estadísticas del blog en 2011
457,0,nueva-guia-php-mysql-novice-to-ninja-5th-edition-free-57-page-preview.md,"Nueva guía: PHP & MySQL: Novice to Ninja, 5th Edition-Free 57 Page Preview"
454,0,linea-cronologica-de-distribuciones.md,"Evolución de las distribuciones GNU/Linux, de 1992 a 2016"
451,0,introduccion-plsql-transacciones.md,Introducción a PL/SQL. Transacciones
450,0,solucionar-fallo-de-segmentacion-en-php-cuando-se-usa-apc.md,Solucionar fallo de segmentación en PHP cuando se usa APC
427,0,el-riesgo-de-las-urls-cortas-risk-of.md,El riesgo de las URLs cortas
448,0,peter-norvig-hablando-sobre-clases-online.md,Peter Norvig hablando sobre clases online
442,0,que-son-los-ppa-what-ppa-is.md,¿Qué son los PPA?
438,0,cmo-cifar-un-usb-con-veracrypt.markdown,Cómo Cifar Un USB Con Veracrypt
437,0,grave-problema-en-upnp-que-afecta-a-81-millones-de-routers.md,Grave vulnerabilidad en UPnP que afecta a 81 millones de routers
433,0,busca-en-google-lo-siguiente-y-veras.md,Busca en google lo siguiente y verás que pasa
432,0,why-am-i-removing-google-analytics.md,¿Por qué renuncio a Google Analytics?
431,0,introduccion-sql-sql-introduction.md,Introducción SQL
430,0,crear-miniaturas-de-imagenes-mejorado.md,Crear miniaturas de imágenes [Mejorado]
444,0,clases-y-objetos-el-destructor.md,Clases y Objetos. El Destructor
161,0,clases-y-objetos-el-constructor.md,Clases y Objetos. El Constructor
564,0,como-depurar-una-aplicacion-en-django.md,Cómo depurar una aplicación en Django
94,0,vinetas-geek-de-domingo-xii.md,Viñetas Geek de Domingo (XII)
126,0,pylabra-aplicacion-para-almacenar.md,Pylabra. Aplicación para almacenar vocabulario
57,0,tunning-basico-de-sql.md,Tunning básico de SQL
55,0,chat-y-foros-de-proxima-generacion-de-pioneros-del-codigo-abierto.md,"Chat y Foros de Próxima Generación, de pioneros del Código Abierto"
54,0,practica-2b-guion.md,Optimizando código y evaluando el rendimiento
4,0,como-invertir-una-cadena-en-unix.md,Cómo invertir una cadena en Unix
52,0,por-que-gnulinux-no-es-solo-para-geeks.md,Por qué GNU/Linux no es solo para Geeks
51,0,acceder-variable-dentro-funcion-r.markdown,Cómo modificar Una Variable Desde Dentro De Una Función en R
50,0,nueva-guia-administracion-avanzada-del.md,Guía gratuita: Administración Avanzada del Sistema Operativo GNU/Linux
49,0,usos-del-boton-central-del-raton-use.md,Usos del botón central del ratón
131,0,nullpointerexception-facebook.markdown,Qué Esta Causando Un NullPointerException en Facebook E Internet y cómo solucionarlo
3,0,buenas-practicas-para-el-diseno-de-una-api-restful-pragmatica.md,Buenas prácticas para el Diseño de una API RESTful Pragmática
48,0,liberada-la-version-10-de-htop.md,Liberada la versión 1.0 de htop
45,0,lenguaje-definicion-de-datosddl-create.md,Lenguaje Definición de Datos(DDL) - CREATE
44,0,crear-webapps-con-soporte-html5-css3-y.md,"Crear WebApps con soporte HTML5, CSS3 y JavaScript con el LungoJs framework"
133,0,enlaces-de-la-semana-ii.md,Enlaces de la semana ( II )
43,0,clases-y-objetos-pasar-un-objeto-una.md,Clases y Objetos - Pasar un objeto a una función
42,0,crea-scripts-para-las-aplicaciones-de-google-con-apps-script.md,Crea scripts para las aplicaciones de Google con Apps Script
136,0,wxmaxima-encontro-un-error-durante-la-carga.md,Cómo resolver el error &#8216;wxMaxima encontró un error durante la carga&#8217;
138,0,nueva-guia-computer-inside-your-computer-how-to-use-virtualbox.md,Nueva Guía: Computer Inside Your Computer: How To Use VirtualBox
58,0,cuarto-hackathon-de-proyectos-de.md,Cuarto Hackathon de proyectos de software libre de la UGR
61,0,la-recursividad-explicada-por-homer.md,"La recursividad, explicada por Homer Simpson"
64,0,error-al-implementar-amp-mustache.markdown,Cómo solucionar errores Al Implementar Amp-mustache
66,0,lo-mas-leido-en-elbauldelprogramador.md,Lo más leido en ElbaulDelProgramador (Noviembre 2011)
106,0,ejemplo-pdoo-java.md,C++ y Java
103,0,optimizando-el-tiempo-de-carga-del-blog.md,Optimizando el tiempo de carga del blog
108,0,5-razones-para-estar-entusiasmados-con-java-en-el-2013.md,5 Razones para estar entusiasmados con Java en el 2013
95,0,como-apagar-automaticamente-el-pc.md,Cómo apagar automáticamente el PC cuando las descargas finalicen
17,0,crear-formularios-en-django-partir-de-un-modelo-con-modelform.md,Crear formularios en Django a partir de un Modelo con ModelForm
93,0,cambiar-fondo-en-la-pantalla-de-login-en-debian-y-ubuntu.md,Cambiar fondo en la pantalla de login en Debian y Ubuntu
11,0,como-hablitar-la-pagina-de-estado-en-nginx.md,Cómo habilitar la página de estado en Nginx
114,0,explotacion-buffers-overflows-y-exploits-parte-i.md,Explotación - Buffers OverFlows y exploits (Parte I)
115,0,mejoras-para-el-proyecto-pylabra.md,Mejoras para el proyecto PyLabra
41,0,history-of-cryptography.md,Nueva guía: History of cryptography
88,0,codigo-open-source-para-la-gente-por-la-gente.md,"Código Open Source: Para la gente, por la gente"
117,0,nueva-guia-how-internet-works.md,Nueva guía: How the internet works
85,0,el-estado-de-wayland-aspirante.md,"El estado de Wayland, aspirante a reemplazar X.org"
84,0,enlightenment-foundation-libraries-efl.md,Enlightenment Foundation Libraries (EFL)
157,0,cual-es-la-diferencia-entre-los-distintos-formatos-de-audio-y-cual-deberia-elegir.md,"¿Cual es la diferencia entre los distintos formatos de audio, y cual debería  elegir?"
76,0,clases-y-objetos-definir-una-clase.md,Clases y Objetos. Definir una Clase
75,0,copiar-archivos-recursivamente.md,Copiar archivos recursivamente
73,0,resources-channels-podcast-to-learn-math.md,13 recursos / canales / podcasts sobre matemáticas
120,0,fundamentos-de-plsql.md,Fundamentos de PL/SQL
67,0,informe-sobre-defensa-frente-a-ciberamenazas-2015-por-cyberedge-group.markdown,Informe Sobre Defensa Frente a Ciberamenazas 2015. Por CyberEdge Group
86,0,ubuntu-funcionando-en-el-samsung-galaxy.md,Ubuntu funcionando en el Samsung Galaxy Tab
2,0,que-es-un-nullpointerexception-y-como-solucionarlo.md,Qué es un NullPointerException y cómo solucionarlo
105,0,los-10-artculos-ms-visitados-de-2015.markdown,Los 10 Artículos Más Visitados De 2015
30,0,nueva-seccion-descarga-de-manuales.md,Nueva sección: Descarga de Manuales gratuitos
40,0,enlaces-de-la-semana-i-2.md,Enlaces de la semana (I)
34,0,por-que-un-switch-es-mas-rapido-que-su-homologo-if-then-else.md,Por qué un switch es más rápido que su homólogo if-then-else
25,0,nueva-guia-faq-guide-windows-7.md,Nueva guía: FAQ Guide: Windows 7 Migrations Are the Time to Lockdown PCs
33,0,script-resaltado-sintaxis.md,Script resaltado sintaxis c++
153,0,el-uso-de-contrasenas-en-una-evolucion-tecnologica.md,El uso de contraseñas en una evolución tecnológica
19,0,unhide-forensic-tool-encuentra-puertos-y-procesos-ocultos.md,Unhide Forensic Tool: Encuentra puertos y procesos ocultos
37,0,eres-chica-y-te-gusta-la-informatica-participa-en-el-campus-ugrgoogle-para-chicas.md,"¿Eres chica y te gusta la informática?, participa en el campus UGR/Google para chicas"
151,0,parametros-variables-en-cc.md,Pasar parámetros variables en C/C++
140,0,videos-de-la-semana-unos-cuantos-cortos.md,Vídeos de la semana: Unos cuantos cortos y un time-lapse
31,0,tech-comics-geek-en-el-oculista-humor.md,Tech Comics: “Geek en el oculista” [HUMOR]
147,0,enlaces-de-la-semana-i.md,Enlaces de la semana ( I )
148,0,convertir-archivos-mp4-a-mp3-masivamente.md,Convertir archivos mp4 a mp3 masívamente
139,0,como-saber-que-particion-pertenece-un.md,Cómo saber a qué partición pertenece un archivo en GNU/Linux
150,0,optimizar-sumas-en-paralelo.md,Optimizar sumas en paralelo
18,0,nueva-guia-8-steps-to-building-mobile-apps-fast-in-the-cloud.md,Nueva guía: 8 Steps to Building Mobile Apps Fast in the Cloud
152,0,rockmelt-una-navegador-social-basado-en.md,"Rockmelt, una navegador social basado en Chromium"
488,1,fugas-de-memoria-android-handlers-clases-internas.md,Fugas de memoria en Android: Handlers & Clases Internas
186,1,solucionar-android-calling-startactivity-from-outside-of-an-activity-context-requires-the-flag_activity_new_task-flag.md,Solucionar el error en Android Calling startActivity from outside of an Activity  context requires the FLAG_ACTIVITY_NEW_TASK flag
175,1,pon-dieta-tus-apks.md,Pon a dieta a tus APKs
60,1,cambiar-el-color-del-summary-en-una-preferencia-android.md,Cambiar el color del summary en una Preferencia Android
494,1,como-hacer-scroll-en-un-listview-que-est-dentro-de-un-scrollview-en-android.markdown,Cómo Hacer Scroll en Un ListView Que Está Dentro De Un ScrollView en  Android
537,1,customadapter.md,Cómo crear un adapter personalizado en Android
1,1,como-descargar-archivos-de-una-web-por-extension-con-wget.md,Cómo descargar archivos de una web por extensión con wget
415,1,saltarse-la-autentificacion-de-dos-factores-de-google.md,Saltarse la autentificación de dos factores de Google
6,1,grid-spacing-en-android.md,Grid Spacing en Android
487,1,introduccion-al-ndk-de-android.md,Introducción al NDK de Android
260,1,ndk-gdb-depurar-aplicaciones-en-el-nkd-de-android.md,NDK-gdb - Depurar aplicaciones en el NKD de Android
541,1,10-razones-para-rootear-tu-telefono-android.md,10 razones para rootear tu teléfono Android
337,1,aprende-a-programar-una-app-android-para-proteger-tus-pdfs.markdown,Aprende a Programar Una App Android Para Proteger Tus PDFs
561,1,codigos-secretos-y-ocultos-para-android.md,Códigos secretos y ocultos para Android
39,1,eliminar-la-pila-de-actividades-back-stack-en-android.md,Eliminar la pila de actividades (Back Stack) en Android
38,1,crear-un-gridview-con-adaptador-personalizado-en-android.md,Crear un GridView con Adaptador personalizado en Android
137,1,activar-opciones-de-desarrollador-en-android-4-2.md,Cómo activar opciones de desarrollador en Android 4.2
210,1,brujula-android-asr-voz.markdown,Crear Una Brújula Con Reconocimiento De Voz en Android
211,1,patron-desbloqueo-android.markdown,Crear Un Patrón De Desbloqueo Android
200,1,google-y-su-humor-en-la-documentacion-de-android.md,Google y su humor en la documentación de Android
132,1,como-programar-un-completo-lector-pdf-en-android.markdown,Cómo Programar Un Completo Lector PDF en Android
496,1,programar-navegador-gps-android.markdown,Crear Un Navegador GPS Que Dibuje El Camino Seguido en Android
452,1,crear-enlaces-en-un-textview-con-la-etiqueta-html-a-href-en-android.md,Crear enlaces en un TextView con la etiqueta HTML
320,1,libro-gratuito-android-programming-cookbook.markdown,Libro Gratuito. Android Programming Cookbook
224,1,como-crear-un-dialogo-personalizado-en-las-preferencias-android.md,Cómo crear un diálogo personalizado en las preferencias Android
554,1,eliminar-recursos-sin-usar-en-android.md,Eliminar recursos sin usar en Android
322,1,world-of-warcraft-sobre-android.md,World of Warcraft sobre Android
358,1,moborobo-herramienta-de-administracion-integrada-para-android-en-el-pc.md,"Moborobo, herramienta de Administración Integrada para Android en el PC"
476,1,como-usar-adecuadamente-el-log-de-android-en-tus-aplicaciones.md,Cómo usar adecuadamente el Log de Android en tus aplicaciones
399,1,habilitar-el-teclado-en-el-emulador-android.md,Cómo habilitar el teclado en el emulador Android
77,1,giroscopio-acelerometro-movimientos-android.markdown,Utilizando El Acelerómetro Y Giroscopio en Android Para Detectar Movimientos
350,1,como-recuperar-el-imei-en-android.md,Cómo recuperar el IMEI en Android
272,2,algoritmos-de-ordenacion.md,Algoritmos de ordenación.
205,2,the-power-of-predictive-analytics.markdown,Guía Gratuita: The Power of Predictive Analytics
283,2,consulta-de-datos-clausula-where.md,Consulta de Datos - Cláusula WHERE
545,2,nueva-guia-5-ways-zenith-insurance-are-using-predictive-analytics-to-leverage-big-data.markdown,Nueva Guía: 5 Ways Zenith Insurance Are Using Predictive Analytics to Leverage Big Data
287,2,investigadores-mas-cerca-de-usar-luz-en-lugar-de-cables-en-ordenadores.md,Investigadores más cerca de usar luz en lugar de cables en ordenadores
111,2,introduccion-base-de-datos.md,Introduccion a base de datos
344,2,diseno-de-bases-de-datos-i-conceptos.md,Diseño de Bases de Datos ( I ) - Conceptos del Modelo Relacional
290,2,consulta-de-datos-tablas-resumen.md,Consulta de Datos - Tablas Resumen operadores y Funciones Oracle
291,2,investigadores-del-mit-usan-ecuaciones-algebraicas-para-mejorar-las-transmisiones-wifi-y-lte-coded-tcp.md,Investigadores del MIT usan ecuaciones algebráicas para mejorar las transmisiones WIFI y LTE con coded TCP
340,2,lenguaje-definicion-de-datos-ddl-vistas.md,Lenguaje Definición de Datos (DDL) - Vistas
96,2,consulta-de-datos-operadores-union-all.md,"Consulta de Datos - Operadores UNION [ALL], INTERSECT, MINUS."
506,2,9-libros-que-debes-leer-para-ser-un-data-scientist-o-data-engineer.markdown,20 Libros Que Debes Leer Para Ser Un Data Scientist O Data Engineer
9,2,diseno-de-bases-de-datos-ii.md,Diseño de Bases de Datos ( II ) - Restricciones
542,2,consulta-de-datos-clausula-select.md,Consulta de Datos - Cláusula Select
89,2,lenguaje-definicion-de-datos-ddl-alter.md,Lenguaje Definición de Datos (DDL) - ALTER TABLE
81,2,nueva-guia-big-security-for-big-data.md,Nueva Guía: Big Security for Big Data
257,2,descargar-apache-hadoop-cookbook.markdown,Nueva Guía: Apache Hadoop Cookbook
29,2,el-top-7-de-dilemas-que-enfrentan-los-desarrolladores-de-hoy.md,7 dilemas que enfrentan los desarrolladores de hoy
459,2,getting-analytics-right.markdown,Libro Gratuito: Getting Analytics Right
36,2,consulta-de-datos-clausula-group-by.md,Consulta de Datos - Cláusula GROUP BY
470,2,6-formas-usadas-por-los-cibercriminales-para-robar-o-vulnerar-credenciales-de-login.md,6 formas usadas por los cibercriminales para robar o vulnerar credenciales de login
142,2,conectar-base-de-datos-oracle.md,Conectar base de datos ORACLE a aplicación Java remotamente
143,2,como-recuperar-datos-borrados-de-un-disco.markdown,Cómo Recuperar Datos Borrados De Un Disco
223,2,lenguaje-definicion-de-datos-ddl_27.md,Lenguaje Definición de Datos (DDL) - Sinónimos y Pseudocolumnas
229,2,libro-gratuito-spring-data-programming-cookbook.markdown,Guía Gratuita - Spring Data Programming Cookbook
434,2,nueva-guia-session-hijacking-how-to-protect-your-customers-and-your-corporate-data.md,Nueva guía: Session Hijacking: How to Protect your Customers and your Corporate Data
14,2,14-ejemplos-visualizacion-datos.markdown,15 Ejemplos De Las Mejores Visualizaciones De Datos
552,2,vectorizar-acceso-columnas-r.markdown,Vectorizar El Acceso a Columnas en R
182,2,como-hacer-que-google-deje-de-usar-tu.md,Cómo hacer que google deje de usar tu Wifi para obtener datos de geolocalización
243,2,erp-cobros.md,Resultados examen PL/SQL base de datos
181,2,lenguaje-definicion-de-datos-ddl.md,Lenguaje Definición de Datos (DDL) - Índices y secuencias
53,2,consulta-de-datos-clausula-from.md,Consulta de Datos - Cláusula FROM
123,2,nueva-guia-preserving-your-privacy-in-windows-10.markdown,Nueva Guía: Preserving Your Privacy in Windows 10
266,2,consulta-de-datos-clausula-having-y.md,Consulta de Datos - Cláusula HAVING y ORDER BY
378,2,lenguaje-definicion-de-datosddl-drop.md,Lenguaje Definición de Datos (DDL) - DROP
559,2,aprende-construir-un-motor-de-busqueda.md,Aprende a construir un motor de búsqueda y un coche autónomo con Udacity
176,2,lenguaje-manipulacion-de-datos-dml.md,Lenguaje Manipulación de Datos (DML)
400,2,consulta-de-datos-subconsultas.md,Consulta de Datos. Subconsultas
71,2,githubMiningLanguages.md,Minería en tu comunidad de github con R - Analizando la popularidad de los lenguajes
62,2,las-medallas-de-oro-en-las-olimpiadas-desde-1896-visualizadas.markdown,"Plumas Olímpicas, Visualización de las medallas Olímpicas desde 1896 hasta 2016"
78,3,whatsapp-mensajes-cifrados-extremo-a-extremo.markdown,WhatsApp: Entendiendo Su Cifrado Extremo a Extremo
385,3,aplicacion-mensajeria-movil-segura-whatsapp-signal-allo.markdown,¿Qué Aplicación De Mensajería Móvil Es Más Segura?
12,3,como-cifrar-archivos-con-openssl.md,Cómo cifrar archivos con openssl
522,3,sistemas-biometricos.markdown,Biometría Aplicada a La Seguridad - Sistemas Biometricos
99,3,recibir-alertas-de-correo-ssh.md,Recibir alertas de correo al acceder al  sistema mediante SSH
475,3,basta-con-las-tablas-arcoiris-lo-que-necesitas-saber-sobre-esquemas-de-contrasenas-seguras.md,Basta con las Tablas Arcoiris: lo que necesitas saber sobre esquemas de contraseñas seguras
15,3,hackeando-tu-monitor-de-pantalla.markdown,Hackeando Tu Monitor De Pantalla
336,3,nueva-guia-the-essentials-of-information-security-kit.md,Nueva Guía: The Essentials of Information Security Kit
520,3,biometria-seguridad-introduccion.markdown,Biometría Aplicada a La Seguridad - Introducción
341,3,intel-buffer-overflow-control-flow-enforcement-technology-cet.markdown,Cómo Intel Va a Acabar Con Los Buffers Overflows Con Control-Flow Enforcement Technology (CET)
402,3,como-se-almacenan-tus-contrasenas-en-internet-y-cuando-la-longitud-de-la-misma-no-importa.md,Cómo se almacenan tus contraseñas en internet (y cuando la longitud  de la misma no importa)
366,3,6-steps-to-securing-your-domains.md,Nueva guía: 6 Steps to Securing Your Domains
23,3,recommended-books.md,Libros recomendados
59,3,por-que-nuestro-pc-necesita-un-firewall.md,Por qué nuestro PC necesita un firewall activado
532,3,nueva-guia-security-for-a-faster-world.md,Nueva Guía: Security for a Faster World
515,3,biometria-seguridad-patrones.markdown,Biometría Aplicada a La Seguridad - Reconocimiento De Patrones
79,3,el-token-de-seguridad-un-recurso-para-proteger-nuestras-cuenta.markdown,"El Token De Seguridad, Un Recurso Para Proteger Nuestras Cuenta"
0,3,hacking-y-seguridad-en-comunicaciones.md,Hacking y Seguridad en Comunicaciones Móviles GSM / GPRS / UMTS / LTE
309,3,como-ocultar-la-version-de-bind-y-como-averiguarla.md,Cómo ocultar la versión de BIND (Y cómo averiguarla)
274,3,aplicacion-localizacion-movil.markdown,3 Intervenciones Para Poner a Salvo Tu Teléfono Con Una Aplicación Para Localizar El Móvil
289,3,como-salir-mundo-google.md,Cómo salir del mundo de Google
293,3,estructura-y-seguridad-de-los-qr-codes.md,Estructura y seguridad de los QR Codes
8,3,entendiendo-oauth-que-ocurre-cuando-te-loggeas-en-un-sitio-con-google-twitter-o-facebook.md,"Entendiendo OAuth: Qué ocurre cuando te loggeas en un sitio con Google, Twitter o Facebook"
556,3,como-eliminar-tu-identidad-online-la-guia-fundamental-para-el-anonimato-y-la-seguridad-en-internet.md,Cómo eliminar tu identidad online: Guía Fundamental para el Anonimato  y Seguridad en Internet
124,3,good-passwords.md,Crear y administrar contraseñas inteligentemente
125,3,resources-channels-blogs-podcast-about-computer-science-security-data-science.md,"54 Blogs / Canales / Podcast sobre informática, Data Science y Seguridad"
165,3,el-modelo-de-seguridad-de-ios-charla-del-nesg-en-la-ugr.md,El modelo de seguridad de iOS (Charla del NESG en la UGR)
184,3,quic-analisis-practico-del-protocolo-de-google.md,QUIC: Análisis práctico del protocolo de Google
156,3,esnifando-la-red-pruebas-de-seguridad.md,Esnifando la red (Pruebas de seguridad): Ettercap y Wireshark (Man in the middle)
240,3,suplantacion-de-identidad-en-facebook.md,Suplantación de identidad en Facebook
356,4,top-10-de-herramientas-que-son-mejores-en-la-linea-de-comandos.md,10 de las Mejores Herramientas en la Línea de Comandos
228,4,humor-grafico-informaticos.md,"Humor gráfico - Informáticos, Programadores, geeks - 9GAG.COM Parte (II)"
28,4,cant-open-display-0-0-wifi-net.markdown,Cómo Resolver El Error “Can't Open Display: :0.0” Al Conectarse a Una Red Wi-Fi
189,4,los-origenes-de-los-simbolos-tecnologicos-mas-famosos-y-frecuentes.md,Los orígenes de los símbolos tecnológicos más famosos y frecuentes
27,4,vinetas-geek-de-domingo-v.md,Viñetas Geek de Domingo (V)
521,4,humor-grafico-informaticos-programadores-geek-9gag-com-parte-iii.md,"Humor gráfico - Informáticos, Programadores, geek&#8230; - 9GAG.COM Parte (III)"
436,4,top-10-de-herramientas-que-son-mejores-en-la-linea-de-comandos-segunda-parte.md,10 de las Mejores Herramientas en la Línea de Comandos II
110,4,vinetas-geek-de-domingo-vi.md,Viñetas Geek de Domingo (VI)
194,4,vinetas-geek-de-domingo-iv.md,Viñetas Geek de Domingo (IV)
395,4,vinetas-geek-de-domingo-x.md,Viñetas Geek de Domingo (X)
534,4,vinetas-geek-de-domingo-ix.md,Viñetas Geek de Domingo (IX)
128,4,nuevo-proyecto-aventura-grafica-con-sdl.md,Nuevo Proyecto: Aventura gráfica con SDL y C++
277,4,humor-grafico-informaticos-11.md,"Humor gráfico - Informáticos, Programadores, geek - 9GAG.COM Parte (I)"
101,4,vinetas-geek-de-domingo.md,Viñetas geek de Domingo
326,4,vinetas-geek-de-domingo-viii.md,Viñetas Geek de Domingo (VIII)
327,4,vinetas-geek-de-domingo-vii.md,Viñetas Geek de Domingo (VII)
134,4,opengl-practicas-informatica-grafica-modelos-jerarquicos-un-robot.md,OpenGL - Prácticas Informática Gráfica: Modelos jerárquicos  - Un Robot
549,4,vinetas-geek-de-domingo-xi.md,Viñetas Geek de Domingo (XI)
204,4,vinetas-geek-de-domingo-3.md,Viñetas Geek de Domingo
316,4,vinetas-geek-de-domingo-2.md,Viñetas Geek de Domingo
129,5,libro-gratuito-python-programming-cookbook.markdown,Guía Gratuita - Python Programming Cookbook
557,5,crear-modulo-python-con-python-c-api-3-distutils.md,Crear un módulo para python con la Python C API (III) - DistUtils
264,5,los-10-mejores-frameworks-gratis-de-aplicaciones-web.md,Los 15 Mejores Frameworks gratuitos para Aplicaciones Web/Móvil [Actualizado]
268,5,crear-modulo-python-con-python-c-api-5-python3.md,Crear un módulo para python con la Python C API (V) – Python 3
369,5,tutorial-de-python-v270.md,Tutorial de Python v2.7.0
388,5,crear-modulo-python-con-python-c-api-2.md,Crear un módulo para python con la Python C API (II) - Primer ejemplo
406,5,introduccion-a-las-expresiones-regulares-en-python.md,Introducción a las expresiones regulares en python
310,5,crear-modulo-python-con-python-c-api-4.md,Crear un módulo para python con la Python C API (IV) - HerramientasRed
548,5,de-excel-a-python-y-r.markdown,Cómo Pasé De Usar Excel a Usar R Y Python
523,5,resolucion-de-ecuaciones-lineales-con-dos-incognitas.md,Cómo resolver sistemas de ecuaciones lineales con dos incógnitas en Python
529,5,python-lista-de-listas-eficiente.markdown,Crear Una Lista De Listas De Forma Eficiente en Python
440,5,python4kids-aprende-programar-en-python.md,Python4Kids. Aprende a programar en python fácilmente
353,5,python-c-api-como-pasar-un-array-de-structs-desde-c-python.md,Python C API - Cómo pasar un array de structs desde C a Python
169,5,iterate-multiple-collections-scala.md,Cómo iterar sobre varias colecciones en Scala
90,5,programando-videojuegos-en-python.md,Programando Videojuegos en Python
154,5,como-anadir-automaticamente-el-tamao-de-una-imagen-en-html-con-python.markdown,Cómo Añadir Automáticamente El Tamaño De Una Imagen en HTML Con  Python
319,5,crear-modulo-python-con-python-c-api-1.md,Crear un módulo para python con la Python C API (I) - Introducción
301,5,python-para-principiantes.md,Python para principiantes
302,5,how-to-parse-frontmatter-with-python.md,Cómo parsear el frontmatter con Python
91,5,generar-listas-de-reproduccion-determinada-duracion-python.md,Generar listas de reproducción de una determinada duración con Python
294,6,3-juegos-para-linux.md,3 Juegos para Linux
490,6,por-que-es-linux-mas-rapido-que-windows.md,¿Por qué es Linux más rápido que Windows?
380,6,sincronizar-google-drive-en-linux-en-4-pasos-actualizacion.md,Sincronizar Google Drive en Linux en 4 pasos [Actualización]
35,6,buscar-archivos-con-locate-mediante-expresiones-regulares-complejas.md,Buscar archivos con locate mediante expresiones regulares
342,6,entendiendo-los-runlevel-en-debian-y-ubuntu.md,Entendiendo los runlevel en Debian
21,6,renombrar-archivos-masivamente-en.md,Renombrar archivos masivamente en GNU/Linux
250,6,meme-los-10-comandos-que-mas-utilizo-en.md,Descubre cuales son los 10 comandos que más usas en Linux con esta línea
499,6,nueva-guia-newbies-getting-started.md,Nueva guía: A Newbies Getting Started Guide to Linux
528,6,netstat-analizando-la-red-y-detectando-problemas.md,Netstat: Analizando la red y detectando problemas
393,6,celebrando-los-20-anos-de-linux-video.md,Celebrando los 20 años de Linux [Video]
455,6,como-detectar-ficheros-con-bloqueocerrojo-en-linux.md,¿Cómo detectar ficheros con bloqueo/cerrojo en Linux?
197,6,tails-linux-importancia-privacidad.md,TAILS LINUX y la importancia de la privacidad
411,6,actualizar-bios-de-asus-desde-linux.md,Actualizar BIOS de ASUS desde Linux
497,6,sincronizar-google-drive-en-linux-en-4-pasos.md,Sincronizar Google Drive en Linux en 4 pasos
373,6,linux-bash-programming-cookbook.markdown,Libro Gratuito: Linux BASH Programming Cookbook
449,6,como-cambiar-la-resolucion-de-pantalla-en-las-ttys-de-gnulinux.md,Cómo cambiar la resolución de pantalla de las ttys y del GRUB en Linux
245,6,5-lightweight-linux-distros-ideal-for-an-intel-atom-processor-pc.markdown,Guía Gratuita: 5 Lightweight Linux Distros Ideal for an Intel Atom Processor PC
242,6,por-que-se-cuelga-linux-al-copiar-ficheros-a-un-usb.markdown,¿Por Qué Se Cuelga Linux Al Copiar Ficheros a Un Usb?
159,6,como-maximizar-la-vida-de-la-bateria-en-tu-laptop-linux.md,Cómo maximizar la Vida de la Batería en tu Laptop Linux
422,6,gestion-basica-de-usuarios-en-linux.md,Gestión básica de usuarios en linux
230,6,humor-como-arreglar-una-computadora.md,"[Humor]: Como arreglar una computadora (Windows, Linux o Mac OSX)"
517,6,selfcontrol-aparta-las-distracciones-de-tu-pc-cuando-estas-trabajando.md,"SelfControl, aparta las distracciones de tu pc cuando estás trabajando"
364,6,firefox-40-para-linux-ya-dispone-de.md,Firefox 4.0 para Linux ya dispone de menú unificado
237,6,juegos-linux-clockwork-man-1-y-2.md,"Juegos Linux, The Clockwork Man 1 y 2"
56,6,java-open-source-se-mueve-a-linux-aix-en-powerpc.md,"Java Open Source se mueve a Linux, AIX en PowerPC"
83,6,encontrar-archivos-abiertos-en-linux.md,Encontrar archivos abiertos en Linux
70,7,7-cumpleanios.markdown,El Baúl Del Programador Cumple 7 Años
97,7,humor-dos-videos-muy-geek-para-programadores.md,[HUMOR] Dos Vídeos muy geek para Programadores
130,7,my-first-game-jam-unlimitosis.md,Mi experiencia en la GameJam 2017 
251,7,manejar-excepciones-en-java.md,Manejar excepciones en Java
65,7,primeros-pasos-programando-con-kinect.markdown,Primeros Pasos Programando Con Kinect
423,7,como-programar-app-moviles-para-pymes-sin-salir-de-casa.md,Cómo programar apps móviles para pymes sin salir de casa
446,7,how-to-mantain-patchs-quilt-tutorial.md,Cómo mantener varios parches - Un tutorial sobre Quilt
63,7,nuevo-logo-para-el-blog.markdown,Nuevo Logo Para El Blog
426,7,si-se-escribiesen-ensayos-con-lenguajes-de-programacion-humor.md,Si se escribiesen ensayos con lenguajes de programación [HUMOR]
398,7,programacion-para-juegos-leccion-12.md,Programación para Juegos - Lección 1.2 - Hello World
144,7,lo-que-se-viene-en-programacion-funcional-de-java.md,Lo que se viene en programación funcional de Java&#8230;
167,7,programacion-abap-hola-mundo-en-reports.md,Programación ABAP: Hola Mundo en Reports
367,7,programacion-para-juegos-leccion-2.md,Programación para Juegos - Lección 2 - Imágenes Optimizadas
270,7,programacion-para-juegos-articulo-3-que.md,Programación para Juegos. Artículo 3. ¿Qué es un pixel?
370,7,como-enviar-los-emails-de-varmailroot-una-cuenta-de-correo.md,Cómo enviar los emails de /var/mail/root a una cuenta de correo
32,7,programacion-para-juegos-leccion-5.md,Programación para Juegos - Lección 5 - Colores Clave
439,7,como-empezar-programar-how-start.md,Cómo empezar a programar
196,7,crean-un-algoritmo-que-replica-tu-letra.markdown,Crean Un Algoritmo Que Replica Tu Letra
269,7,masterbranch-crea-tu-perfil-como.md,MasterBranch - Crea tu perfil como Programador y muestra todos tus proyectos
145,7,clases-y-objetos-introduccion.md,Programación en C++. Clases y objetos - Introducción
387,7,programacion-para-juegos-leccion-4.md,Programación para Juegos. Lección 4 . Programación orientada a eventos
109,7,citas-clasicas-de-programacion.md,22 Citas clásicas de programación
207,7,vota-por-el-logo-que-mas-te-guste-para-el-baul-del-programador.md,Vota por el logo que más te guste para El Baúl del Programador
135,7,resolver-laberintos-en-c.md,Resolver laberintos en C++
386,7,programacion-para-juegos-leccion-3.md,Programación para Juegos - Lección 3 - Librerías de SDL
441,8,programacion-android-recursos-layout.md,Programación Android: Recursos - Layout
227,8,conectar-base-de-datos-sql-server-2008.md,Conectar base de datos sql Server 2008 a aplicación Java remotamente
514,8,fundamentos-programacion-android_17.md,"Fundamentos programación Android: Actividades, Tareas, Procesos e Hilos"
146,8,programacion-android-implementando-un_29.md,Programación Android: Implementando un Content Provider (Parte 4)
507,8,programacion-android-recursos-strings.md,Programación Android: Recursos - Strings
479,8,programacion-android-recursos-trabajar.md,Programación Android: Recursos - Trabajar con recursos XML arbitrarios
445,8,rootear-samsung-galaxy-s-gt-i9003.md,Rootear Samsung Galaxy S GT-I9003
485,8,50-de-descuento-por-5-das-para-que-comiences-tu-aplicacin-para-android.markdown,50% De Descuento Por 5 Días Para Que Comiences Tu Aplicación Para Android
185,8,terminada-la-primera-parte-del-manual.md,Terminada la primera parte del manual Android
221,8,programacion-android-interfaz-grafica_08.md,Programación Android: Interfaz gráfica - Menús
173,8,programacion-android-recursos-trabajar-2.md,Programación Android: Recursos - Trabajar con recursos RAW
516,8,interfaz-grafica-adapters-ii.md,Programación Android: Interfaz gráfica - Adapters II
149,8,programacion-android-implementando-un.md,Programación Android: Implementando un Content Provider (Parte 1)
456,8,estilosytemas.md,Programación Android: Interfaz gráfica - Estilos y Temas
47,8,programacion-android-intents-conceptos.md,Programación Android: Intents - Conceptos básicos
190,8,primer-capitulo-programacion-android.md,Disponible la primera parte del curso Android en PDF
191,8,programacion-android-proveedores-de_28.md,Programación Android: Proveedores de Contenidos - Leer datos mediante URIs
46,8,desarrollo-android-que-es-android.md,Desarrollo android. ¿Qué es Android?. Traducción de developer.android.com
201,8,fundamentos-programacion-android_18.md,Fundamentos programación Android: Limpieza de Procesos
203,8,programacion-android-recursos-recursos.md,Programación Android: Recursos - Recursos y cambios de configuración
219,8,fundamentos-programacion-android_16.md,Fundamentos programación Android: Intents y AndroidManifest
172,8,programacion-android-recursos-usando.md,Programación Android: Recursos - Usando recursos
214,8,programacion-android-recursos-plurales.md,Programación Android: Recursos - Plurales
24,8,planteamiento-de-la-segunda-parte-del.md,Planteamiento de la segunda parte del curso de Android
20,8,descargar-curso-android-gratuito.markdown,Liberado El Curso De Android
183,8,fundamentos-aplicaciones-android-parte_19.md,Fundamentos aplicaciones Android. (Parte III) -Activando Componentes
412,8,programa-que-envia-mensajes-desde.md,Programa que envía mensajes desde Android a PC
80,8,programacion-android-ejemplos-de-uso-de.md,Programación Android - Ejemplo de uso de ACTION_PICK
5,8,avances-en-el-proyecto-android-de-fin.md,Avances en el proyecto Android de fin de curso [WifiBar]
376,8,planteamiento-del-curso-de-android.md,Planteamiento del Curso de Android
267,8,capitulo2-intents-y-bundles.md,Programación Android: Trabajar con actividades y pasar parámetros entre ellas
372,8,programacion-android-implementando-un_14.md,Programación Android: Implementando un Content Provider (Parte 3)
435,8,los-10-errores-de-novato-que-todo.md,10 errores de novato que todo desarrollador Android debería evitar
118,8,ejemplo-compatibilidad-dialogfragment.md,Crear DialogFragment compatibles con versiones inferiores a Android 3.0
273,8,video-demostracion-del-proyecto-wifibar.md,[Vídeo] Demostración del proyecto WifiBar funcionando
275,8,programacion-android-recursos-arrays-de.md,Programación Android: Recursos - Arrays de strings
87,8,programacion-android-actualizar-y.md,Programación Android: Actualizar y borrar registros
352,8,programacion-android-recursos-sintaxis.md,Programación Android: Recursos - Sintaxis de los Recursos
278,8,fundamentos-programacion-android.md,Fundamentos programación Android: Conceptos básicos y componentes
381,8,programacion-android-interfaz-grafica.md,Programación Android: Interfaz gráfica. Conceptos básicos
279,8,prueba-la-aplicacion-favsites-en-tu.md,Prueba la aplicación FavSites en tu Android
113,8,ejemplocomponentesgraficos.md,Programación Android: Interfaz gráfica - Componentes gráficos y Eventos
296,8,interfaz-grafica-adapters-i.md,Programación Android: Interfaz gráfica - Adapters I
297,8,programacion-android-insertando.md,Programación Android: Insertando registros
334,8,programacion-android-arquitectura-de.md,Programación Android: Arquitectura de los Proveedores de contenidos
98,8,video-proyecto-wifibar-en-la-ultima.md,"[Vídeo] Proyecto WifiBar, en la última fase de desarrollo"
100,8,programacion-android-intents-categorias.md,Programación Android: Intents - Categorías
303,8,programacion-android-usando-la-clausula.md,Programación Android: Usando la cláusula Where
305,8,programacion-android-recursos-trabajar_04.md,Programación Android: Recursos - Trabajar con recursos Assets
102,8,programacion-android-hola-mundo.md,Programación Android: Hola Mundo
314,8,notificaciones.md,Programación Android: Interfaz gráfica - Diálogos y notificaciones
307,8,programacion-android-usando-cursores.md,Programación Android: Usando cursores
116,8,fundamentos-aplicaciones-android-parte.md,Fundamentos aplicaciones Android. (Parte I)
382,8,estoy-trabajando-en-una-aplicacion.md,Nuevo Proyecto Android: Fav Sites
512,8,programacion-android-recursos-repasando.md,Programación Android: Recursos - Repasando la estructura del directorio de recursos
68,8,fundamentos-programacion-android-ciclo.md,Fundamentos programación Android: Ciclo de vida de los componentes
262,8,webservicelibexample.md,Restlib - Librería para realizar peticiones a Web Services en Android
254,8,fundamentos-aplicaciones-android-parte_18.md,Fundamentos aplicaciones Android - (Parte II) - Componentes
531,8,programacion-android-recursos-2.md,Programación Android: Recursos compilados y no compilados
421,8,programacion-android-strictmode.md,Programación Android: StrictMode
261,8,programacion-android-implementando-un_08.md,Programación Android: Implementando un Content Provider (Parte 2)
397,8,programacion-android-interfaz-grafica_23.md,Programación Android: Interfaz gráfica - Layouts
119,8,optimizando-la-interfaz-android-compound-drawables.md,Optimizando la interfaz Android - Compound Drawables
246,8,programacion-android-recursos.md,Programación Android: Recursos - Introducción
404,8,programacion-android-como-se-resuelven.md,Programación Android: Cómo se resuelven los Intents
390,8,linux-33-se-come-android.md,Linux 3.3 se come a Android
258,8,como-conectar-tu-dispositivo-android-en.md,Cómo conectar tu dispositivo Android en Linux al adb para depurar y desarrollar  aplicaciones
256,8,programacion-android-proveedores-de.md,Programación Android: Proveedores de Contenido - Introducción
525,9,curso-de-latex-incluir-codigo-fuente-y-simbolos-matematicos.md,Mini Curso de LaTeX - Incluir código fuente y símbolos matemáticos
500,9,mantener-proyecto-latex-limpio-script.md,Mantén tu proyecto de LaTeX limpio con este simple script
160,9,ocultar-los-metaficheros-de-latex-del-directorio-de-trabajo.markdown,Ocultar Los Metaficheros De LaTeX Del Directorio De Trabajo
443,9,mini-curso-de-latex-introduccion.md,Mini Curso de LaTeX - Introducción
122,9,como-definir-colores-personalizados-en-latex.markdown,Cómo Definir Colores Personalizados en LaTeX
10,9,curso-de-latex-figuras-enlaces-y-cabeceras.md,"Mini Curso de LaTeX - Figuras, Enlaces y cabeceras"
26,9,como-crear-imagenes-con-un-marco-circular-al-estilo-g-en-latex.markdown,Cómo Crear Imagenes Con Un Marco Circular Al Estilo G+ en LaTeX
69,9,conversor-markdow-a-latex.markdown,Un Conversor De Markdown a LaTeX Casero en Lex
265,9,creating-trees-dependency-graphs-svms-in-tikz.md,Dibujar árboles de dependencias y Máquinas de soporte Vectoriales usando LaTeX y Tikz
392,9,compilar-automaticamente-ficheros-en-latex-mientras-los-modificamos.markdown,Compilar Automáticamente Ficheros en LaTeX Mientras Los Modificamos
74,9,crear-diagrama-de-gantt-en-latex.markdown,Cómo Crear Diagramas De Gantt en LaTeX
365,9,resaltar-sintaxis-del-codigo-fuente-en-latex-con-minted.md,Resaltar sintaxis del código fuente en LaTeX con minted
348,9,como-crear-un-pie-de-pagina-en-latex-con-fancyhdr.md,Cómo crear un pie de página en LaTeX con fancyhdr
92,10,chuleta-markdown-para-wordpress.md,Chuleta de Markdown para wordpress
141,10,colocar-los-botones-sociales-de-jetpack-al-principio-del-articulo-en-wordpress.md,Colocar los botones sociales de jetpack al principio del artículo en WordPress
232,10,como-anadir-contenido-por-defecto-a-los-articulos-en-wordpress.md,Cómo añadir contenido por defecto a los artículos en WordPress
13,10,sustituir-los-enlaces-de-blogger-por-los-de-wordpress-al-migrar-de-plataforma.md,Sustituir los enlaces de blogger por los de WordPress al migrar de plataforma
562,10,nueva-guia-build-your-own-wordpress.md,Nueva Guía: Build Your Own WordPress Site Guide
321,10,incluir-imagenes-en-una-entrada-de-wordpress-usando-php.md,Incluir imágenes en una entrada de WordPress usando PHP
418,10,sorteo-wordpress.md,Sorteamos 10 matrículas gratuitas para cursos de desarrollo WordPress y cupones de descuento
371,10,mostrar-todos-los-post-de-una-categoria-wordpress.md,Mostrar todos los post de una categoría en WordPress
325,10,mostrar-el-numero-de-seguidores-en-twitter-en-wordpress.md,Mostrar el número de seguidores en Twitter en WordPress
299,10,bloquear-ataques-de-fuerza-bruta-en-nginx-y-wordpress-con-fail2ban.md,Bloquear ataques de fuerza bruta en Nginx y WordPress con Fail2Ban
536,10,como-migrar-de-blogger-a-wordpress-sin-perder-seo-y-tips-de-seguridad.md,Cómo migrar de Blogger a WordPress sin perder SEO y Tips de seguridad
298,10,como-crear-shortcodes-en-wordpress.md,Cómo crear shortcodes en WordPress que soporten parámetros
414,10,como-crear-shortcodes-en-wordpress-2.md,Cómo crear  simples shortcodes en WordPress
550,10,personalizar-el-error-404-en-wordpress.md,Personalizar el Error 404 en wordpress
323,10,combatir-los-comentarios-de-spam-en-wordpress.md,Combatir los comentarios de spam en WordPress
231,10,crear-un-entorno-de-desarrollo-para-wordpress-con-git-capistrano-y-wp-deploy.md,"Crear un entorno de desarrollo para WordPress con Git, Capistrano y Wp-Deploy"
530,11,instalacion-optimizacion-servidor-web-nginx-i.md,Instalación y optimización de un servidor web con Nginx (I)
361,11,compilar-e-instalar-el-kenerl-4-2.markdown,Compilar e Instalar El Kernel 4.2
461,11,how-to-compile-opencv3-nonfree-part-from-source.md,Compilar la parte no gratuita de OpenCV 3.0+ desde fuente
107,11,instalacion-optimizacion-servidor-web-nginx-iii.md,Instalación y optimización de un servidor web con Nginx (III)
72,11,instalacion-optimizacion-servidor-web-nginx-ii.md,Instalación y optimización de un servidor web con Nginx (II)
82,11,visualiza-las-visitas-a-tu-web-al-estilo-pong-con-logstalgia.md,Visualiza las visitas a tu web al estilo Pong con Logstalgia
467,11,instalacion-y-configuracion-de-bolt-un-cms-rapido-y-sencillo.md,"Cómo instalar Bolt, un CMS rápido y sencillo"
225,11,bittorrent-sync-tus-archivos-sincronizados-sin-intermediarios.md,BitTorrent Sync: Tus archivos sincronizados sin intermediarios
347,11,como-cifrar-correos-con-gpg-con-mailvelope.md,Cómo cifrar correos electrónicos con GPG usando Mailvelope
281,11,instalar-atom-el-editor-de-github-en-linux.md,"Instalar Atom, el editor de GitHub en Linux"
420,11,como-instalar-actualizar-elminar-paquetes-gentoo.markdown,Cómo Instalar/actualizar/eliminar Paquetes en Gentoo
206,11,programacion-para-juegos-leccion-1.md,Programación para Juegos - Lección 1 - Instalando SDL
481,11,iniciar-debian-desde-usb.md,Cómo instalar debian desde un USB
16,11,botbrewcompila-instala-y-ejecuta-aplicaciones-linux-en-android.md,"BotBrew basil, Compila, instala y ejecuta aplicaciones Linux en Android"
502,11,como-instalar-el-ide-android-studio-en-linux-y-pequena-guia-de-uso.md,Cómo instalar el IDE Android Studio en Linux y pequeña guía de uso
104,11,introduccion-django-instalacion-y-primer-proyecto.md,Introducción a Django - Instalación y primer proyecto
218,11,como-conocer-el-software-no-libre.md,Cómo conocer el software “no libre” instalado en nuestro equipo
318,12,como-usar-los-filtros-smudge-y-clean-en-git.markdown,Como Usar Los Filtros Smudge Y Clean en Git
343,12,sincronizacin-de-proyectos-en-git-con-hooks-ganchos.markdown,Sincronización de proyectos en git con hooks (ganchos)
509,12,21-aliases-utiles-para-git.markdown,21 alias útiles para git
551,12,mini-tutorial-y-chuleta-de-comandos-git.md,Git: Mini Tutorial y chuleta de comandos
220,12,video-evolucion-del-blog-desde-el-punto-de-vista-de-git.markdown,Vídeo - Evolución Del Blog Desde El Punto De Vista De Git
180,12,manual-de-git-gratuito.markdown,Manual De Git Gratuito
504,12,eliminar-ficheros-grandes-github.markdown,Cómo Eliminar Ficheros Demasiado Grandes Para GitHub
255,12,oh-my-git-personalizar-prompt-git.markdown,Cómo mostrar información de un repositorio Git en el prompt de tu terminal
7,12,gource-visualizar-la-evolucion-de-un-repositorio-git.md,Gource: Visualizar la evolución de un repositorio Git
253,13,como-configurar-entornos-de-desarrollo-para-aplicaciones-moviles-en-un-servidor-cloud.md,Cómo configurar entornos de desarrollo para aplicaciones móviles en  un servidor cloud
121,13,como-crear-un-bundle-symfony2.markdown,Cómo Crear Un Bundle Symfony2
112,13,como-configurar-un-balanceador-de-carga-en-entornos-cloud.md,Cómo configurar un balanceador de carga en entornos cloud
127,13,como-mejorar-el-rendimiento-de-windows-8.md,Cómo mejorar el rendimiento de Windows 8
222,13,comandos-ss-iproute2-linux.md,Algunos comandos útiles con iproute2
155,13,logrando-el-anonimato-con-tor-parte-4.md,Logrando el anonimato con Tor (Parte 4) - Tor para relés
333,13,configurar-log4j2-en-netbeans-un-logger-para-java.md,"Configurar Log4j2 en Netbeans, un logger para Java"
524,13,como-configurar-un-servidor-dns.md,Cómo configurar un servidor DNS - Parte 1 (Introducción)
503,13,configurar-xmonad-con-trayer-y-fondo-de-pantalla-aleatorio.md,Configurar xmonad con trayer y fondo de pantalla aleatorio
22,13,como-configurar-un-servidor-dns2.md,Cómo configurar un servidor DNS - Parte 2 (La Zona Primaria)
477,13,logrando-el-anonimato-con-tor-parte-3-torbutton-y-tsocks.md,Logrando el anonimato con Tor (Parte 3) : Torbutton y Tsocks
474,13,20-ejemplos-de-iptables-para-sysadmins.md,20 ejemplos de iptables para SysAdmins novatos
472,13,tipos-de-gobernadores-en-las-cpus.md,Tipos de gobernadores en las CPUs
300,13,como-instalar-nginx-con-php5-fpm.md,Cómo instalar y configurar Nginx con php5-fpm
158,13,cant-update-to-firefox-48-in-gentoo-nss-version-too-old.markdown,Error NSS Al Actualizar Firefox 48 en Gentoo
447,13,como-configurar-dunst-un-daemon-de-notificaciones-altamente-configurable.markdown,"Cómo Configurar Dunst, Un Daemon De Notificaciones Altamente Configurable"
428,13,configurar-dos-pantallas-en-openbox.md,Configurar dos pantallas en OpenBox bajo CruchBang y wallpaper aleatorio
533,13,instalar-y-configurar-dwm-el-gestor-de-ventanas-mas-eficiente.md,"Instalar y configurar DWM, el gestor de ventanas más eficiente"
464,13,como-configurar-un-servidor-dns3.md,Cómo configurar un servidor DNS - Parte 3 (Zona Inversa y DNS secundario)
233,14,como-crear-un-front-controller-en-php.md,Cómo crear un Front Controller en PHP
527,14,the-best-web-programming-languages-to-learn.markdown,Guia Gratuíta: The Best Web Programming Languages to Learn
453,14,nueva-gua-gratuita-learning-javascriptmvc-free-14-page-excerpt.markdown,Nueva Guía Gratuita: Learning JavaScriptMVC -- Free 14 Page Excerpt
473,14,introduccion-html5.md,Introducción a HTML5
263,14,cinco-cursos-nuevos-en-udacity-software-testing-algoritmos-fisica-estadistica-y-logica-matematicas-discretas-2.md,"Cinco cursos nuevos en Udacity: Software Testing, Algoritmos, Física, Estadística y Lógica & matemáticas discretas"
168,14,nuevos-cursos-disponibles-en-udacity-la-universidad-online-gratuita.md,"Nuevos Cursos disponibles en Udacity, la universidad online gratuita"
164,14,introduccion-abap.md,Introducción a ABAP
396,14,nueva-gua-the-essentials-of-information-security-kit.markdown,Nueva Guía: The Essentials of Information Security Kit
